ID,都道府県,JPRAID,遺跡群名,遺跡名,地点地区名,文化層石器文化,所在地,Latitude,Longitude,時期区分
1,埼玉県,110001,,A-61号遺跡,,,さいたま市見沼区南中野,35.90388889,139.6608333,2
8,埼玉県,110008,,B-13号遺跡,,,さいたま市大宮区寿能町２丁目,35.91944444,139.6369444,2
11,埼玉県,110011,,B-53号遺跡,,Ⅲ,さいたま市北区日進町,35.93388889,139.6022222,2
26,埼玉県,110026,,馬場小室山遺蹟,第29次,Ⅲ～Ⅳ,さいたま市緑区大字三室,35.88472222,139.6858333,2
33,埼玉県,110033,,海老沼南遺跡,,,さいたま市見沼区南中野字海老沼,35.90777778,139.6422222,2
52,埼玉県,110052,,東裏西遺跡,,,さいたま市緑区大字大門,35.85583333,139.6775,2
53,埼玉県,110053,,東北原遺跡,９次,,さいたま市見沼区東大宮４丁目,35.95416667,139.6375,2
60,埼玉県,110060,,本杢遺跡,第４地点,,さいたま市桜区中島１丁目,35.86583333,139.6238889,2
63,埼玉県,110063,,井沼方遺跡,,,さいたま市緑区東浦和,35.8625,139.6975,2
67,埼玉県,110067,,一ツ木遺跡,,,さいたま市南区大谷場,35.84611111,139.6663889,2
71,埼玉県,110071,,上木崎三丁目遺跡,,,さいたま市浦和区上木崎３丁目,35.88888889,139.6436111,2
79,埼玉県,110079,,北宿遺跡,第７地点,,さいたま市緑区馬場１丁目、三室,35.89055556,139.6805556,2
92,埼玉県,110092,,北宿西遺跡,,,さいたま市緑区三室,35.88611111,139.6738889,2
101,埼玉県,110101,,駒前遺跡,第３次,,さいたま市緑区中尾,35.87555556,139.6797222,2
111,埼玉県,110111,,前窪西遺跡,,Ⅲ最上部,さいたま市浦和区木崎,35.88555556,139.6630556,2
118,埼玉県,110118,,松木遺跡,,Ⅲ～Ⅳ中,さいたま市緑区三室,35.8825,139.6891667,2
131,埼玉県,110131,,御蔵山中遺跡,２次,,さいたま市見沼区御蔵,35.90638889,139.6641667,2
140,埼玉県,110140,,南中丸下高井遺跡,,Ⅲ,さいたま市見沼区南中丸,35.91027778,139.6505556,2
151,埼玉県,110151,,水深遺跡,,,さいたま市緑区大間木,35.87638889,139.6936111,2
170,埼玉県,110170,,中尾中丸遺跡,第２次,,さいたま市緑区中尾,35.87333333,139.6855556,2
171,埼玉県,110171,,中里前原遺跡,第２次Ｂ地点,,さいたま市中央区新中里１丁目,35.87277778,139.6358333,2
172,埼玉県,110172,,中里前原北遺跡,,,さいたま市中央区新中里１丁目,35.87444444,139.6358333,2
176,埼玉県,110176,,南方遺跡,第５次,,さいたま市緑区大門,35.87555556,139.7383333,2
191,埼玉県,110191,,大古里遺跡,,,さいたま市緑区三室,35.88972222,139.6744444,2
195,埼玉県,110195,,大古里遺跡,,,さいたま市緑区三室,35.88972222,139.6744444,2
196,埼玉県,110196,,大古里遺跡,第７次,,さいたま市緑区三室,35.88972222,139.6744444,2
200,埼玉県,110200,,大北遺跡,,,さいたま市緑区大牧,35.86416667,139.6969444,2
201,埼玉県,110201,,大北遺跡,第５区,,さいたま市緑区大牧,35.86416667,139.6969444,2
215,埼玉県,110215,,大戸本村７号遺跡,,,さいたま市中央区大戸３丁目,35.86444444,139.6394444,2
233,埼玉県,110233,,大谷口向原遺跡,,,さいたま市緑区大谷口,35.85583333,139.6802778,2
238,埼玉県,110238,,太田窪貝塚遺跡,,,さいたま市緑区太田窪,35.84888889,139.6861111,2
242,埼玉県,110242,,下加遺跡,３次,,さいたま市北区日進町１丁目,35.91805556,139.5983333,2
252,埼玉県,110252,,白幡中学校校庭内遺跡,,,さいたま市南区白幡,35.855,139.6438889,2
259,埼玉県,110259,,土呂陣屋遺跡,Ｉ地点,,さいたま市北区土呂町,35.92527778,139.6366667,2
261,埼玉県,110261,,内道西遺跡,,ローム層中,さいたま市中央区上峰２丁目,35.87527778,139.6158333,2
274,埼玉県,110274,,陣屋2号遺跡,,,さいたま市中央区上峰1丁目,35.87027778,139.6183333,2
276,埼玉県,110276,,上組Ⅱ遺跡,,第Ⅲ層,川越市笠幡,35.91722222,139.4225,2
279,埼玉県,110279,,光山遺跡,,,川越市笠幡,35.90611111,139.3894444,2
280,埼玉県,110280,,宮廻館跡遺跡,第4次調査区,包含層,川越市大字下広谷,35.95055556,139.4252778,2
289,埼玉県,110289,,籠原裏遺跡,,,熊谷市新堀,36.175,139.3338889,2
294,埼玉県,110294,,西原遺跡,,包含層,熊谷市千代字西原,36.12277778,139.3144444,2
298,埼玉県,110298,,天神遺跡,,包含層,熊谷市板井字天神,36.11277778,139.3111111,2
299,埼玉県,110299,,寺内遺跡,,包含層,熊谷市柴字寺内,36.11444444,139.3152778,2
300,埼玉県,110300,,山神遺跡,,包含層,熊谷市千代字山ノ神,36.11888889,139.3152778,2
312,埼玉県,110312,,行衛往還通遺跡,第11次調査,,川口市大字戸塚,35.86833333,139.7375,2
324,埼玉県,110324,,木曽呂表遺跡,,,川口市大字木曽呂,35.85861111,139.7197222,2
325,埼玉県,110325,,道合高木前遺跡,,,川口市大字道合,35.84694444,139.7225,2
346,埼玉県,110346,,(仮)笠松遺跡,,,所沢市勝楽寺,35.76805556,139.3938889,2
397,埼玉県,110397,,屋敷前遺跡,第１次,Ⅲ層,所沢市新郷、日比田,35.805,139.5072222,2
410,埼玉県,110410,,古吉海道遺跡,第２次調査区,包含層,東松山市今泉字後原,36.01555556,139.4283333,2
413,埼玉県,110413,,岩鼻遺跡,,包含層,東松山市大字松山字岩花,36.04777778,139.4113889,2
419,埼玉県,110419,,山王裏遺跡,,,東松山市下野本字久保原,36.02416667,139.4147222,2
428,埼玉県,110428,,竹之下遺跡,,,春日部市大字内牧,35.9975,139.7247222,2
446,埼玉県,110446,,権現堂北遺跡,,包含層,深谷市本田,36.1175,139.2952778,2
447,埼玉県,110447,,東原遺跡,,,深谷市北根字東原,36.14694444,139.2566667,2
452,埼玉県,110452,,万願寺遺跡,,,深谷市本田,36.11972222,139.3055556,2
455,埼玉県,110455,,宮入遺跡,,,深谷市本田字宮入,36.1075,139.2741667,2
466,埼玉県,110466,,稲荷台遺跡,,,上尾市大字西貝塚,35.93805556,139.5533333,2
470,埼玉県,110470,,中妻三丁目遺跡,,,上尾市中妻三丁目,35.98416667,139.5688889,2
478,埼玉県,110478,,坂東山遺跡,第３次調査区,第Ⅳ層上部,入間市小谷田３町目,35.84694444,139.3652778,2
481,埼玉県,110481,,東武蔵野遺跡,,,入間市西三ツ木字東武蔵野,35.80638889,139.3408333,2
482,埼玉県,110482,,南内野遺跡,,,入間市寺竹,35.80888889,139.3341667,2
495,埼玉県,110495,,若宮遺跡,,,入間市高倉２,35.84194444,139.3827778,2
555,埼玉県,110555,,花ノ木遺跡,,第１文化層,和光市新倉２丁目,35.79861111,139.6172222,2
572,埼玉県,110572,,道場遺跡,AE04区,第Ⅲ・Ⅳ・Ⅴ層,新座市道場２丁目,35.77111111,139.5616667,2
577,埼玉県,110577,,池田遺跡,Ａ地点,第Ⅲ層,新座市池田３丁目,35.77166667,139.5730556,2
583,埼玉県,110583,,新開遺跡,,第Ⅳ層,新座市大和田,35.81361111,139.5577778,2
590,埼玉県,110590,,殿山南遺跡,,,桶川市上日出谷南,36.00555556,139.5444444,2
597,埼玉県,110597,,提灯木山遺跡,,第１文化層,北本市二ツ家,36.01472222,139.5544444,2
608,埼玉県,110608,,羽沢遺跡,第23地点,Ⅲ層,富士見市羽沢１丁目、渡戸１丁目,35.85916667,139.5402778,2
610,埼玉県,110610,,氷川前遺跡,第5地点,Ⅳ上層,富士見市大字水子,35.89611111,139.5597222,2
666,埼玉県,110666,,荒川附遺跡,第７地点,,蓮田市関山３丁目,35.98888889,139.6530556,2
669,埼玉県,110669,,帆立遺跡,,グリッド,蓮田市馬込八番,35.97833333,139.6608333,2
670,埼玉県,110670,,黒浜拾九町遺跡,第1・２次調査,,蓮田市大字黒浜,36.0075,139.6630556,2
673,埼玉県,110673,,天神前遺跡,第19地点,ローム層最上部,蓮田市大字黒浜,35.98222222,139.6694444,2
686,埼玉県,110686,,新右衛門遺跡,２次調査Ａ地点,包含層,鶴ヶ島市大字高倉字熊野,35.92861111,139.3766667,2
713,埼玉県,110713,,北遺跡,,,伊奈町針字原,36.00527778,139.6111111,2
741,埼玉県,110741,,東本遺跡,,表採,毛呂山町前久保,35.95027778,139.3225,2
745,埼玉県,110745,,中丸遺跡,,,滑川町月輪,36.045,139.3447222,2
747,埼玉県,110747,,西の谷遺跡,,,滑川町山田,36.09083333,139.3758333,2
748,埼玉県,110748,,大谷遺跡,,,滑川町羽尾,36.05972222,139.3569444,2
752,埼玉県,110752,滑川嵐山ゴルフコース内遺跡群,用土庵Ｂ遺跡,,包含層,滑川町中尾字用土庵,36.06111111,139.3411111,2
754,埼玉県,110754,,志賀向原,,,嵐山町志賀,36.05,139.3297222,2
762,埼玉県,110762,,西山遺跡,,ソフトローム,美里町猪俣,36.1575,139.1880556,2
763,埼玉県,110763,甘粕山遺跡群,如来堂Ｂ遺跡,,包含層,美里町甘粕,36.17166667,139.1922222,2
773,埼玉県,110773,,上前遺跡,,,騎西町牛重,36.0975,139.5913889,2
775,埼玉県,110775,,道上遺跡,,,騎西町根古屋,36.10444444,139.5847222,2
776,埼玉県,110776,,道下遺跡,,,騎西町根古屋,36.10166667,139.5894444,2
781,埼玉県,110781,,修理山遺跡,,,騎西町騎西,36.10416667,139.5752778,2
783,埼玉県,110783,,国納丸屋遺跡,,,宮代町国納,36.03888889,139.6986111,2
793,埼玉県,110793,,地蔵院遺跡,,,宮代町西原,36.00888889,139.7261111,2
802,東京都,130001,,東京国立近代美術館遺跡,江戸城址北丸竹橋門地区,,東京都千代田区北の丸公園3,35.69055556,139.755,2
818,東京都,130017,,下戸塚遺跡,（安部球場跡地）,第4文化層,東京都新宿区西早稲田1‐20,35.71111111,139.7186111,2
829,東京都,130028,,尾張藩上屋敷遺跡,防衛庁新設建物,,東京都新宿区市谷本村町5-1,35.6925,139.7272222,2
856,東京都,130055,,小日向台町遺跡,,（弥生・江戸時代遺構覆土）,東京都文京区小日向1-10-7・11,35.71305556,139.7347222,2
859,東京都,130058,,神明町貝塚遺跡,,（包含層）,東京都文京区本駒込4-11-6,35.73111111,139.7555556,2
862,東京都,130061,,東京大学本郷構内遺跡,法学部4号館・文学部3号館地点,Ⅱ-2層,東京都文京区本郷7,35.71222222,139.7611111,2
878,東京都,130077,,千駄木遺跡,,第Ⅲ層文化,東京都文京区千駄木1,35.72277778,139.7588889,2
905,東京都,130104,,恵比寿遺跡,,縄文草創期,東京都目黒区三田1・渋谷区恵比寿4,35.64222222,139.7155556,2
910,東京都,130109,,山王遺跡,,（弥生時代住居跡覆土）,東京都大田区山王3-31-21,35.58722222,139.7252778,2
911,東京都,130110,,久ヶ原遺跡,久が原五丁目33番地点,（縄文時代）,東京都大田区久が原5-33,35.57361111,139.6961111,2
919,東京都,130118,,久原小学校内遺跡,久が原四丁目8番11号地点,（Ⅲ層）,東京都大田区久が原4-8-11,35.5775,139.6958333,2
925,東京都,130124,,祖師谷大道北遺跡,第9・10次調査区,第1文化層,東京都世田谷区上祖師谷6-14～16,35.66,139.5961111,2
939,東京都,130138,,下神明遺跡,第2次調査区,,東京都世田谷区成城3-2-16,35.63416667,139.5997222,2
941,東京都,130140,,下神明遺跡,第5次調査区,,東京都世田谷区成城3-2-10,35.63472222,139.5997222,2
946,東京都,130145,,宮之原遺跡,第4～6次調査区,（縄文草創期）,東京都世田谷区喜多見4-27～29,35.63,139.5941667,2
947,東京都,130146,,上之台遺跡,第1次調査区,,東京都世田谷区砧8,35.64083333,139.6036111,2
950,東京都,130149,,堂ヶ谷戸遺跡,第7次調査区,包含層・住居覆土,東京都世田谷区岡本2-33,35.62416667,139.6166667,2
951,東京都,130150,,堂ヶ谷戸遺跡,第10次調査区,住居覆土,東京都世田谷区岡本3-3,35.625,139.6166667,2
954,東京都,130153,,堂ヶ谷戸遺跡,第30次調査区,（Ⅱc層）,東京都世田谷区岡本2-29,35.62638889,139.6172222,2
973,東京都,130172,,松原遺跡,,,東京都世田谷区松原4-140,35.66416667,139.6533333,2
974,東京都,130173,,瀬田遺跡,,,東京都世田谷区瀬田1-14,35.61527778,139.63,2
975,東京都,130174,,瀬田遺跡,第11次調査区,第1文化層,東京都世田谷区瀬田1-29,35.61638889,139.6297222,2
999,東京都,130198,,下野毛遺跡,第5次調査区,第1文化層,東京都世田谷区野毛2-20-23,35.60416667,139.6408333,2
1011,東京都,130210,,烏山中学校遺跡,,ローム層中,東京都世田谷区南烏山4-26,35.67194444,139.6013889,2
1024,東京都,130223,,向野田遺跡,第1次調査区,,東京都世田谷区砧7-15,35.63916667,139.6555556,2
1027,東京都,130226,,西谷戸遺跡,,4～5層,東京都世田谷区岡本3-25,35.62805556,139.6130556,2
1036,東京都,130235,,野窪遺跡,,縄文草創期,東京都世田谷区桜上水2-13-14,35.65861111,139.6280556,2
1042,東京都,130241,,等々力原遺跡,第1次調査区,,東京都世田谷区等々力1-23・33,35.60416667,139.6475,2
1057,東京都,130256,,鉢山町遺跡,第2次調査区,,東京都渋谷区鉢山町8-1,35.65083333,139.6983333,2
1064,東京都,130263,,千駄ヶ谷五丁目遺跡,第2次調査区,TP4,東京都渋谷区千駄ヶ谷5-24,35.68416667,139.7030556,2
1068,東京都,130267,,江古田遺跡,A地区,縄文時代,東京都中野区江古田3-14,35.72888889,139.6652778,2
1082,東京都,130281,,井草遺跡,直良信夫調査地点,,東京都杉並区上井草4,35.71944444,139.5969444,2
1083,東京都,130282,,井草遺跡,切通し公園内試掘調査地点,,東京都杉並区上井草4-3,35.71777778,139.5975,2
1092,東京都,130292,,道角遺跡,,縄文草創期,東京都杉並区成田西1-2,35.685,139.6369444,2
1093,東京都,130293,,都立和田堀公園・大宮遺跡,,（第2号方形周溝墓東周溝下底）,東京都杉並区大宮2-24,35.68333333,139.6397222,2
1096,東京都,130296,,方南峰遺跡,第3次調査区,Ⅲ層,東京都杉並区堀ノ内1-3,35.68444444,139.6561111,2
1100,東京都,130300,方南町峯遺跡群,方南峰遺跡,C地点,包含層・遺構覆土,東京都杉並区堀ノ内1-2,35.68388889,139.6575,2
1112,東京都,130312,,立教女学院内遺跡,A地区,（縄文時代包含層）,東京都杉並区久我山4,35.69305556,139.5883333,2
1203,東京都,130403,,大六天遺跡,財務省赤羽職員住宅,（グリッド出土）,東京都北区赤羽台2-2,35.77527778,139.7122222,2
1229,東京都,130429,,成増との山遺跡,第2地点,かく乱,東京都板橋区成増3-33,35.78083333,139.6311111,2
1305,東京都,130505,,志村坂上遺跡,D地点,第2文化層,東京都板橋区志村1-13-15,35.77583333,139.6933333,2
1348,東京都,130548,,向原遺跡,,撹乱等,東京都板橋区向原1-6・7,35.74166667,139.6863889,2
1352,東京都,130552,,西原遺跡,,,東京都板橋区双葉町,35.75833333,139.6986111,2
1380,東京都,130580,,丸山東遺跡,外環道練馬C・D地区,第Ⅲ層文化層,東京都練馬区大泉町3-3・4・7・8・10～13・15・18・4-8～10・15・16・18～21,35.76333333,139.5994444,2
1396,東京都,130596,,八ヶ谷戸遺跡,,縄文包含層,東京都練馬区大泉町2-17,35.76111111,139.6025,2
1407,東京都,130607,,溜淵遺跡,第1地点,黒色土～ローム漸移層,東京都練馬区関町北3-5,35.72472222,139.5663889,2
1412,東京都,130612,,溜淵遺跡,第4地点,Ⅲ層,東京都練馬区関町北3-5,35.72472222,139.5666667,2
1455,東京都,130655,,池淵遺跡,第1次調査区,2区,東京都練馬区石神井町5-13,35.7375,139.6002778,2
1456,東京都,130656,,池淵遺跡,第1次調査区,3区,東京都練馬区石神井町5-13,35.7375,139.6002778,2
1465,東京都,130665,,練馬区No.74遺跡,,,東京都練馬区旭町3-4,35.77388889,139.6266667,2
1505,東京都,130705,,練馬城址遺跡,,Ⅲ層,東京都練馬区向山」3-24・25,35.74333333,139.6458333,2
1515,東京都,130715,,東早渕遺跡,第4地点,かく乱,東京都練馬区早宮1-24,35.75138889,139.6594444,2
1523,東京都,130723,,愛宕下遺跡,,第Ⅳ文化層,東京都練馬区大泉町4-1～3,35.75916667,139.6,2
1527,東京都,130727,,外山遺跡,第2地点,Ⅲ層,東京都練馬区東大泉3-34・35,35.75361111,139.5897222,2
1529,東京都,130729,,殿ケ谷新田遺跡,,草創期,東京都立川市西砂町5,35.73472222,139.3625,2
1530,東京都,130730,,松中ツ原遺跡,,草創期,東京都立川市一番町5,35.73222222,139.3747222,2
1532,東京都,130732,,上水向遺跡,,草創期,東京都立川市上砂町4,35.72888889,139.3944444,2
1533,東京都,130733,,宮の橋遺跡,,草創期,東京都立川市砂川町6,35.72666667,139.4061111,2
1539,東京都,130739,,向郷遺跡,第19地点,C地区,東京都立川市錦町4-10-2,35.68944444,139.4213889,2
1542,東京都,130742,,向郷遺跡,第26地点 MKD-B・D区,ソフトローム～ハードローム上部,東京都立川市羽衣町3-12,35.68972222,139.4236111,2
1544,東京都,130744,ICU構内遺跡群,Loc.4F遺跡,,,東京都三鷹市大沢3,35.68833333,139.5247222,2
1545,東京都,130745,ICU構内遺跡群,Loc.6A遺跡,,,東京都三鷹市大沢3,35.68833333,139.5247222,2
1557,東京都,130757,,出山遺跡,第2次調査区,縄文包含層,東京都三鷹市大沢2-11,35.67777778,139.5325,2
1573,東京都,130773,,天文台構内遺跡,都道境・調布線南地区,Ⅲ層～Ⅴ層上部・再堆積性ローム,東京都三鷹市大沢2,35.67388889,139.5391667,2
1640,東京都,130840,,霞台遺跡,第2次調査区,古代遺構覆土,東京都青梅市野上町2-266,35.79444444,139.2886111,2
1642,東京都,130842,,K-18遺跡,,,東京都青梅市塩船117,35.80388889,139.2855556,2
1643,東京都,130843,,丸山遺跡,第1次調査区,ソフトローム,東京都青梅市藤橋1-417,35.80861111,139.3027778,2
1644,東京都,130844,,丸山遺跡,第7次調査区,古代遺構覆土,東京都青梅市藤橋1-385,35.80944444,139.3022222,2
1646,東京都,130846,,城の腰遺跡,,包含層,東京都青梅市今井1-349,35.81027778,139.3127778,2
1653,東京都,130853,武蔵国分寺関連遺跡群,南西地域遺跡,第898次調査区,かく乱,東京都府中市武蔵台1-21,35.68666667,139.4605556,2
1667,東京都,130867,武蔵国府関連遺跡群,高倉・美好町地域,第908次調査区,古代包含層,東京都府中市美好町1,35.67583333,139.4677778,2
1670,東京都,130870,武蔵国府関連遺跡群,国府地域,第8次調査区,表土,東京都府中市宮町1-2,35.67138889,139.4794444,2
1671,東京都,130871,武蔵国府関連遺跡群,国府地域,第14次調査区,表土,東京都府中市寿町1-6,35.67388889,139.4788889,2
1672,東京都,130872,武蔵国府関連遺跡群,国府地域,第34次調査区,ソフトローム・古代遺構覆土,東京都府中市寿町1,35.675,139.4788889,2
1673,東京都,130873,武蔵国府関連遺跡群,国府地域,第188次調査区,古代包含層,東京都府中市八幡町1,35.67027778,139.4841667,2
1675,東京都,130875,武蔵国府関連遺跡群,国府地域,第242次調査区,ソフトローム,東京都府中市寿町2-6,35.67472222,139.4777778,2
1676,東京都,130876,武蔵国府関連遺跡群,国府地域,第432次調査区,古代遺構覆土,東京都府中市府中町2-21-2,35.67527778,139.4838889,2
1677,東京都,130877,武蔵国府関連遺跡群,国府地域,第490次調査区,古代遺構覆土,東京都府中市美好町1-5-1,35.67361111,139.4722222,2
1678,東京都,130878,武蔵国府関連遺跡群,国府地域,第641次調査区,古代包含層,東京都府中市府中町2-21-4,35.67527778,139.4844444,2
1680,東京都,130880,武蔵国府関連遺跡群,国府地域,第1009次調査区,古代遺構覆土,東京都府中市府中町2-5-1,35.67194444,139.4836111,2
1683,東京都,130883,武蔵国府関連遺跡群,白糸台地域,第19次調査区,古代遺構覆土,東京都府中市白糸台4-15・16,35.66361111,139.5119444,2
1684,東京都,130884,武蔵国府関連遺跡群,白糸台地域,第957次調査区,表土,東京都府中市白糸台1-57-8,35.66638889,139.5088889,2
1687,東京都,130887,武蔵国府関連遺跡群,白糸台地域,第1125次調査区,古代包含層,東京都府中市白糸台1-78-3・4,35.66472222,139.5063889,2
1706,東京都,130906,,武蔵台遺跡,第3次調査D区,縄文包含層,東京都府中市武蔵台2-9-2,35.69166667,139.465,2
1709,東京都,130909,,武蔵台遺跡,第4次調査A区,Ⅲb文化層,東京都府中市武蔵台2-9-2,35.6925,139.4652778,2
1728,東京都,130928,,武蔵台遺跡,第8次調査区,縄文包含層,東京都府中市武蔵台2-9-2,35.69111111,139.4655556,2
1733,東京都,130933,,武蔵台遺跡,都立府中病院新外来棟,遺物集中1,東京都府中市武蔵台2-9-2,35.69027778,139.4630556,2
1742,東京都,130942,,武蔵台遺跡,西地区立川面,縄文草創期,東京都府中市武蔵台2,35.69138889,139.46,2
1745,東京都,130945,,天神町遺跡,三丁目第2アパート地点,ソフトローム上部～ローム漸移層,東京都府中市天神町3-3,35.68222222,139.4888889,2
1753,東京都,130953,武蔵国府関連遺跡群,西府・本宿町地域,第952次調査区,表土,東京都府中市西府町3-20-1,35.67972222,139.4583333,2
1759,東京都,130959,武蔵国府関連遺跡群,西府・本宿町地域,第1272次調査区,縄文包含層・中世遺構覆土,東京都府中市本宿町1・西府町1,35.67055556,139.4575,2
1762,東京都,130962,武蔵国府関連遺跡群,清水が丘地域,第914次調査区,古代包含層,東京都府中市若松町2-7-52,35.67194444,139.4947222,2
1764,東京都,130964,武蔵国府関連遺跡群,清水が丘地域,府中市都市計画道路3・4・7号線,縄文包含層,東京都府中市清水が丘2,35.66583333,139.4969444,2
1768,東京都,130968,,武蔵台東遺跡,,第Ⅲ上文化層,東京都府中市武蔵台2-29,35.6925,139.4658333,2
1779,東京都,130979,,天王橋A地点遺跡,,,東京都昭島市武蔵野2,35.72472222,139.3788889,2
1780,東京都,130980,,広福寺台遺跡,第4次調査区,,東京都昭島市福島町2-466-14,35.69916667,139.3791667,2
1782,東京都,130982,,中の割遺跡,1966年度調査区,ローム層,東京都東村山市廻田町4,35.76194444,139.455,2
1784,東京都,130984,,中の割遺跡,1995年調査区,,東京都東村山市廻田町4-25,35.76194444,139.4538889,2
1788,東京都,130988,,笹塚遺跡,1977年調査区,縄文遺構覆土,東京都東村山市秋津町4-35-11,35.775,139.4886111,2
1790,東京都,130990,,笹塚遺跡,1992年調査区,Ⅲ層上部,東京都東村山市秋津町4-33-58,35.77666667,139.4877778,2
1796,東京都,130996,,東村山No.53遺跡,,,東京都東村山市恩多町1,35.75305556,139.4941667,2
1797,東京都,130997,,東村山市No.54遺跡,,,東京都東村山市野口町1・2,35.75944444,139.4616667,2
1798,東京都,130998,,東村山市No.74遺跡,,,東京都東村山市廻田町1,35.75944444,139.4616667,2
1800,東京都,131000,,東村山市No.112遺跡,,,東京都東村山市秋津町2・4,35.77416667,139.4891667,2
1810,東京都,131010,,青柳遺跡,,,東京都国立市青柳215,35.68138889,139.4238889,2
1812,東京都,131012,,宿屋敷東遺跡,第1次調査区,遺構覆土,東京都狛江市岩戸北3-4～6,35.63583333,139.5841667,2
1814,東京都,131014,,弁財天池遺跡,,1号ブロック,東京都狛江市元和泉1-3-1,35.63305556,139.5772222,2
1819,東京都,131019,,鹿島台遺跡,,,東京都東大和市芋久保1-1988,35.75833333,139.4141667,2
1820,東京都,131020,,八幡谷戸遺跡,,,東京都東大和市奈良橋1-257,35.7575,139.4225,2
1821,東京都,131021,,二ツ池遺跡,,,東京都東大和市湖畔3-1084,35.75666667,139.4294444,2
1822,東京都,131022,,砂野遺跡,,,東京都東大和市奈良橋6-750,35.74888889,139.4252778,2
1831,東京都,131031,,多摩湖第36遺跡,,,東京都東大和市村山貯水池内,35.76472222,139.4230556,2
1839,東京都,131039,,下宿内山遺跡,,,東京都清瀬市下宿3,35.80583333,139.5427778,2
1840,東京都,131040,,屋敷山遺跡,,,東京都武蔵村山市中藤1,35.75722222,139.3961111,2
1841,東京都,131041,,残堀東遺跡,,,東京都武蔵村山市三ツ藤2,35.75,139.3761111,2
1847,東京都,131047,,念仏塚第2遺跡,,,東京都武蔵村山市神明4-79,35.74916667,139.4033333,2
1851,東京都,131051,,狭山遺跡,A地点,縄文遺構覆土,東京都西多摩郡瑞穂町箱根ヶ崎,35.77555556,139.3502778,2
1856,東京都,131056,,六道山遺跡,,,東京都西多摩郡瑞穂町石畑狭山嶺,35.77555556,139.3658333,2
1858,東京都,131058,,松原遺跡,都市計画道路3・4・30号線,かく乱,東京都西多摩郡瑞穂町大字箱根ヶ崎,35.77527778,139.3436111,2
1859,東京都,131059,,大和田遺跡,,,東京都立川市柴崎町4-5-6,35.69138889,139.4091667,2
1867,東京都,131067,,若葉町遺跡,第10地点,,東京都調布市仙川町2-2-1,35.66222222,139.5777778,2
1873,東京都,131073,,堂山遺跡,第1地点,かく乱,東京都調布市深大寺北町2,35.67333333,139.5477778,2
1878,東京都,131078,,金子本山遺跡,第4地点,中世遺構・埋没流路覆土,東京都調布市西つつじヶ丘1-14-9,35.66027778,139.5683333,2
1882,東京都,131082,,ICU Loc.21遺跡,,,東京都調布市野水1,35.68388889,139.5263889,2
1884,東京都,131084,,野川遺跡,（野川改修）,Ⅲ,東京都調布市野水1,35.68305556,139.5288889,2
1899,東京都,131099,,ませぐち遺跡,,,東京都調布市佐須町2,35.66027778,139.5536111,2
1905,東京都,131105,,北浦遺跡,第12地点,縄文包含層,東京都調布市八雲台2-9-6,35.65277778,139.5597222,2
1907,東京都,131107,,飛田給遺跡,第4地点Ⅰ区,縄文包含層・古代遺構覆土,東京都調布市飛田給,35.65777778,139.5244444,2
1909,東京都,131109,,飛田給遺跡,第4地点Ⅴ区,縄文包含層,東京都調布市飛田給,35.65972222,139.5197222,2
1910,東京都,131110,,上石原遺跡,第5地点,古代遺構覆土・包含層,東京都調布市上石原2-42,35.65472222,139.5266667,2
1912,東京都,131112,,上布田遺跡,,,東京都調布市布田6,35.645,139.5483333,2
1918,東京都,131118,,飛田給北遺跡,,縄文包含層,東京都調布市西町,35.66444444,139.525,2
1949,東京都,131149,,西之台遺跡,B地点,Ⅲ上層,東京都小金井市中町4,35.69777778,139.5063889,2
1979,東京都,131179,,荒牧遺跡,第4次調査区東区,第2文化層,東京都小金井市貫井南4,35.69722222,139.4963889,2
1982,東京都,131182,,前原遺跡,,Ⅲ層文化,東京都小金井市前原町2,35.69388889,139.5063889,2
1997,東京都,131197,,野川中洲北遺跡,東区,Ⅲ層,東京都小金井市中町1,35.6925,139.5166667,2
2018,東京都,131218,,代継・富士見台遺跡,圏央道あきる野地区,（縄文時代）,東京都あきる野市下代継・油平,35.72472222,139.2836111,2
2020,東京都,131220,,飯坂上遺跡,,,東京都あきる野市二宮,35.72638889,139.3058333,2
2023,東京都,131223,,南小宮遺跡,都道秋多3・4・6号線,,東京都あきる野市草花3209ほか,35.73888889,139.3008333,2
2035,東京都,131235,,下野谷遺跡,第11次調査区,,東京都西東京市東伏見2,35.72666667,139.5602778,2
2062,東京都,131262,,東伏見稲荷神社遺跡,,,東京都西東京市東伏見1,35.72694444,139.5577778,2
2068,東京都,131268,,下柳沢遺跡,早大東伏見A地区,縄文包含層・旧河道,東京都西東京市東伏見2-7・3-4,35.72694444,139.5636111,2
2079,東京都,131279,,恋ヶ窪遺跡,第27次調査区,縄文遺構覆土,東京都国分寺市西恋ヶ窪1,35.70222222,139.4711111,2
2083,東京都,131283,,多摩蘭坂遺跡,第1地点,第4文化層,東京都国分寺市内藤町2-2,35.69527778,139.4555556,2
2113,東京都,131313,,多喜窪遺跡,,,東京都国分寺市西元町1,35.69472222,139.4672222,2
2114,東京都,131314,,武蔵国分寺跡,第6次調査区,古代遺構覆土,東京都国分寺市西元町1-1,35.69583333,139.4736111,2
2116,東京都,131316,,武蔵国分寺跡,第51次調査区,第1文化層,東京都国分寺市西元町1-1,35.69555556,139.4736111,2
2122,東京都,131322,,武蔵国分寺跡,第135次調査区,表土,東京都国分寺市東元町3-20-411,35.69138889,139.4688889,2
2128,東京都,131328,,武蔵国分寺跡,第252次調査区,縄文包含層,東京都国分寺市西元町2-2548-64,35.69361111,139.4680556,2
2129,東京都,131329,,武蔵国分寺跡,第357次調査区,,東京都国分寺市西元町2,35.69166667,139.4691667,2
2205,東京都,131405,,国分寺No.56遺跡,,,東京都国分寺市光町1,35.70166667,139.4491667,2
2208,東京都,131408,,多摩湖第12遺跡,,,東京都東大和市村山貯水池内,35.76444444,139.4216667,2
2209,東京都,131409,,吉祥山遺跡,第2次調査B地区,縄文遺構覆土,東京都武蔵村山市本町4,35.75916667,139.3883333,2
2210,東京都,131410,,吉祥山遺跡,第2次調査D地区,縄文包含層・遺構覆土・かく乱,東京都武蔵村山市本町4,35.75777778,139.3888889,2
2211,東京都,131411,,吉祥山遺跡,第2次調査D地区,ローム漸移層～ソフトローム層,東京都武蔵村山市本町4,35.75777778,139.3888889,2
2219,東京都,131419,,御殿山遺跡,第2地区H地点,,東京都武蔵野市御殿山1-7-7,35.70166667,139.5752778,2
2226,東京都,131426,,吉祥寺南町一丁目遺跡,A地点,ソフトローム・並行層,東京都武蔵野市吉祥寺南町1-21,35.69861111,139.5816667,2
2257,東京都,131457,,吉祥寺南町一丁目遺跡,Ｑ地点,Ⅲ層下部～Ⅳ層,東京都武蔵野市吉祥寺南町1-32-23,35.69916667,139.5822222,2
2279,東京都,131479,,下里本邑遺跡,第2地点,Ⅳ層,東京都東久留米市野火止3-20,35.76194444,139.5086111,2
2295,東京都,131495,,自由学園北遺跡,,,東京都東久留米市学園町1-4・8,35.75472222,139.5375,2
2296,東京都,131496,,東久留米市No.16遺跡,,,東京都東久留米市本町4-5・7,35.75722222,139.53,2
2308,東京都,131508,,東久留米市No.34遺跡,,,東京都東久留米市幸町3・4,35.75861111,139.5183333,2
2319,東京都,131519,,新橋遺跡,,縄文包含層,東京都東久留米市新川町2-16-4・10,35.76305556,139.5377778,2
2343,東京都,131543,,小川町一丁目遺跡,,,東京都小平市小川1,35.73,139.4577778,2
2391,東京都,131591,,鈴木遺跡,範囲確認1987年度2Gr.,Ⅲ層,東京都小平市鈴木町1,35.71861111,139.4961111,2
2414,東京都,131614,,鈴木遺跡,福祉関連施設地点,Ⅲ層,東京都小平市鈴木町1-472,35.72,139.4972222,2
2417,東京都,131617,,鈴木遺跡,範囲確認1990年度第1地点,Ⅱ層,東京都小平市回田町,35.71555556,139.4980556,2
2433,東京都,131633,,福生市No.9遺跡,,,東京都福生市福生,35.74138889,139.3372222,2
2434,東京都,131634,宇津木台遺跡群,,D地区,第1文化層,東京都八王子市小宮町・平町・石川町・宇津木町,35.68805556,139.3611111,2
2441,東京都,131641,,北八王子西野遺跡,,,東京都八王子市石川町,35.67611111,139.3583333,2
2442,東京都,131642,,船田遺跡,第Ⅲ次調査区,（縄文時代包含層）,東京都八王子市長房町588ほか,35.655,139.2955556,2
2447,東京都,131647,南八王子地区遺跡群,大原D遺跡,,,東京都八王子市小比企町・片倉町,35.63638889,139.3258333,2
2458,東京都,131658,,館町遺跡,第7地点,ローム層,東京都八王子市館町,35.63083333,139.3016667,2
2459,東京都,131659,,館町遺跡,第7地点,縄文包含層,東京都八王子市館町,35.63083333,139.3016667,2
2463,東京都,131663,,石川天野遺跡,D地区,,東京都八王子市石川町・大谷町,35.67361111,139.3555556,2
2465,東京都,131665,南八王子地区遺跡群,No.10遺跡,,,東京都八王子市片倉,35.63722222,139.3358333,2
2466,東京都,131666,南八王子地区遺跡群,No.13遺跡,,,東京都八王子市片倉町,35.63388889,139.3252778,2
2469,東京都,131669,南八王子地区遺跡群,No.38遺跡,,,東京都八王子市宇津貫町1851番地他,35.62,139.3269444,2
2471,東京都,131671,,武蔵岡遺跡,A地区,,東京都町田市相原町武蔵岡,35.60694444,139.3008333,2
2472,東京都,131672,,田中谷戸遺跡,,,東京都町田市上小山田町字16号2147～1他,35.59833333,139.3869444,2
2475,東京都,131675,,野津田上の原遺跡,,,東京都町田市野津田町・小野路町,35.59305556,139.4447222,2
2479,東京都,131679,,鶴川遺跡群P地点遺跡,,ローム層中,東京都町田市鶴川6,35.59194444,139.4725,2
2485,東京都,131685,,木曽森野遺跡,F区,L1S～B0上層,東京都町田市木曽町・森野4,35.55416667,139.4319444,2
2487,東京都,131687,,木曽森野遺跡,D区,L1S上層,東京都町田市木曽町・森野4,35.55472222,139.4305556,2
2488,東京都,131688,,木曽森野遺跡,Ⅱ区,L1S～B0,東京都町田市木曽町・森野4,35.55611111,139.4277778,2
2491,東京都,131691,,木曽森野遺跡,L区,試掘坑外,東京都町田市木曽町・森野4,35.55583333,139.4313889,2
2492,東京都,131692,,木曽森野遺跡,G区,,東京都町田市木曽町・森野4,35.55805556,139.4305556,2
2494,東京都,131694,,南大谷遺跡,,,東京都町田市南大谷,35.5575,139.4563889,2
2501,東京都,131701,,法政大学多摩校地遺跡群遺跡,B-3地点,,東京都町田市相原町4342番地,35.61388889,139.2944444,2
2506,東京都,131706,,相原坂下遺跡,,Ⅳ層（ローム漸移層）,東京都町田市相原町字坂下384‐5番地ほか,35.60472222,139.3433333,2
2507,東京都,131707,,木曽中学校遺跡,,,東京都町田市木曽町字8号2326‐3,35.56861111,139.4130556,2
2509,東京都,131709,,忠生遺跡,A1地点,B0,東京都町田市木曽町2276,35.56972222,139.4155556,2
2527,東京都,131727,,南平遺跡,,？,東京都日野市程久保7,35.65166667,139.3997222,2
2529,東京都,131729,,日野市No.51遺跡,多摩平団地H区,（ソフトローム下部～ハードローム上部）,東京都日野市多摩平6,35.66888889,139.3841667,2
2533,東京都,131733,和田・百草遺跡群,,多摩都市計画道路1・3・1号線地区,,東京都多摩市和田92-1,35.64416667,139.4330556,2
2549,東京都,131749,金井原遺跡群,,第6地点,,東京都町田市金井町字2号1515番地・他,35.5775,139.4641667,2
2550,東京都,131750,多摩ニュータウン遺跡群,多摩ニュータウンNo.3遺跡,,ⅡY～Ⅲ層,東京都稲城市百村,35.63555556,139.4908333,2
2552,東京都,131752,多摩ニュータウン遺跡群,多摩ニュータウンNo.5遺跡,第2次調査区,Ⅴ層上面,東京都稲城市長峰3,35.63194444,139.4811111,2
2557,東京都,131757,多摩ニュータウン遺跡群,多摩ニュータウンNo.27遺跡,第1地点,,東京都多摩市永山1丁目,35.63194444,139.4452778,2
2561,東京都,131761,多摩ニュータウン遺跡群,多摩ニュータウンNo.27遺跡,第2地点,,東京都多摩市永山1丁目,35.63138889,139.445,2
2562,東京都,131762,多摩ニュータウン遺跡群,多摩ニュータウンNo.27遺跡,第2地点,,東京都多摩市永山1丁目,35.63138889,139.445,2
2567,東京都,131767,多摩ニュータウン遺跡群,多摩ニュータウンNo.46遺跡,,,東京都多摩市諏訪6,35.62194444,139.46,2
2573,東京都,131773,多摩ニュータウン遺跡群,多摩ニュータウンNo.72・795遺跡,第1地点,ⅤH層上部上半,東京都八王子市堀之内,35.62916667,139.4,2
2575,東京都,131775,多摩ニュータウン遺跡群,多摩ニュータウンNo.72遺跡,第2地点,,東京都八王子市堀之内,35.63,139.3977778,2
2579,東京都,131779,多摩ニュータウン遺跡群,多摩ニュータウンNo.72・795・796遺跡,草創期,,東京都八王子市堀之内,35.62916667,139.4,2
2585,東京都,131785,多摩ニュータウン遺跡群,多摩ニュータウンNo.105B遺跡,,,東京都八王子市越野・堀之内,35.62888889,139.3947222,2
2612,東京都,131812,多摩ニュータウン遺跡群,多摩ニュータウンNo.145遺跡,,Ⅴ層上部,東京都八王子市南大沢4,35.60611111,139.3775,2
2623,東京都,131823,多摩ニュータウン遺跡群,多摩ニュータウンNo.182遺跡,第2次調査区,,東京都八王子市上柚木2・3,35.61833333,139.3691667,2
2629,東京都,131829,多摩ニュータウン遺跡群,多摩ニュータウンNo.194遺跡,第1地点,縄文包含層,東京都町田市小山町,35.59722222,139.3830556,2
2631,東京都,131831,多摩ニュータウン遺跡群,多摩ニュータウンNo0194遺跡,第2地点,縄文包含層,東京都町田市小山町,35.59861111,139.385,2
2636,東京都,131836,多摩ニュータウン遺跡群,多摩ニュータウンNo.207遺跡,,,東京都八王子市南大沢3・4,35.60361111,139.38,2
2645,東京都,131845,多摩ニュータウン遺跡群,多摩ニュータウンNo.213遺跡,第4地点,単独出土,東京都八王子市上柚木2,35.61888889,139.3658333,2
2652,東京都,131852,多摩ニュータウン遺跡群,多摩ニュータウンNo.227遺跡,,,東京都八王子市鑓水2,35.60861111,139.3586111,2
2653,東京都,131853,多摩ニュータウン遺跡群,多摩ニュータウンNo.231遺跡,,Ⅰ層,東京都八王子市鑓水2,35.60944444,139.3530556,2
2657,東京都,131857,多摩ニュータウン遺跡群,多摩ニュータウンNo.243・244遺跡,,ソフトローム,東京都町田市小山町,35.60222222,139.3658333,2
2664,東京都,131864,多摩ニュータウン遺跡群,多摩ニュータウンNo.405遺跡,,,東京都八王子市松木9,35.62555556,139.3883333,2
2666,東京都,131866,多摩ニュータウン遺跡群,多摩ニュータウンNo.287・288・289遺跡,,Ⅴ層,東京都八王子市松木,35.62611111,139.3891667,2
2672,東京都,131872,多摩ニュータウン遺跡群,多摩ニュータウンNo.333・334遺跡,,,東京都八王子市鑓水2・町田市相原町,35.60694444,139.3563889,2
2677,東京都,131877,多摩ニュータウン遺跡群,多摩ニュータウンNo.351遺跡,,,東京都町田市小山町,35.60305556,139.3694444,2
2678,東京都,131878,多摩ニュータウン遺跡群,多摩ニュータウンNo.352・353遺跡,,Ⅲ層,東京都八王子市南大沢5,35.61361111,139.3733333,2
2679,東京都,131879,多摩ニュータウン遺跡群,多摩ニュータウンNo.355遺跡,,ⅤS層中位,東京都八王子市南大沢5,35.61166667,139.3708333,2
2685,東京都,131885,多摩ニュータウン遺跡群,多摩ニュータウンNo.380遺跡,,Ⅲ～Ⅳ層,東京都稲城市若葉台4,35.62916667,139.4663889,2
2698,東京都,131898,多摩ニュータウン遺跡群,多摩ニュータウンNo.393遺跡,,ⅤS層～ⅤH-1層,東京都八王子市松木,35.61916667,139.3897222,2
2699,東京都,131899,多摩ニュータウン遺跡群,多摩ニュータウンNo.394遺跡,,,東京都八王子市南大沢1,35.61805556,139.3830556,2
2704,東京都,131904,多摩ニュータウン遺跡群,多摩ニュータウンNo.401・679遺跡,第1地点,ⅤH①層中位,東京都八王子市松木220-1・3・4/同236他,35.61944444,139.3958333,2
2707,東京都,131907,多摩ニュータウン遺跡群,多摩ニュータウンNo.402遺跡,第2次調査区,,東京都八王子市松木205,35.62222222,139.3919444,2
2708,東京都,131908,多摩ニュータウン遺跡群,多摩ニュータウンNo.402遺跡,第2次調査区,,東京都八王子市松木205,35.62222222,139.3919444,2
2715,東京都,131915,多摩ニュータウン遺跡群,多摩ニュータウンNo.406遺跡,,Ⅲ層下部,東京都八王子市南大沢5,35.61333333,139.3747222,2
2716,東京都,131916,多摩ニュータウン遺跡群,多摩ニュータウンNo.407遺跡,,,東京都八王子市南大沢1,35.61666667,139.3763889,2
2744,東京都,131944,多摩ニュータウン遺跡群,多摩ニュータウンNo.454遺跡,,,東京都多摩市愛宕4,35.62777778,139.4263889,2
2748,東京都,131948,多摩ニュータウン遺跡群,多摩ニュータウンNo.457遺跡,,Ⅳ層,東京都多摩市鶴牧711-2、722、同高岸2046、2124～2129,35.62361111,139.4186111,2
2757,東京都,131957,多摩ニュータウン遺跡群,多摩ニュータウンNo.490遺跡,,草創期,東京都八王子市上柚木2,35.62055556,139.3716667,2
2764,東京都,131964,多摩ニュータウン遺跡群,多摩ニュータウンNo.500遺跡,,Ⅴ層上部,東京都多摩市馬引沢1,35.635,139.4502778,2
2771,東京都,131971,多摩ニュータウン遺跡群,多摩ニュータウンNo.512遺跡,,,東京都八王子市南大沢1,35.62388889,139.3877778,2
2772,東京都,131972,多摩ニュータウン遺跡群,多摩ニュータウンNo.519遺跡,,Ⅴ層上部,東京都多摩市馬引沢1,35.63638889,139.4513889,2
2777,東京都,131977,多摩ニュータウン遺跡群,多摩ニュータウンNo.604・605遺跡,,表土層,東京都八王子市南大沢1,35.61777778,139.3788889,2
2780,東京都,131980,多摩ニュータウン遺跡群,多摩ニュータウンNo.636遺跡,,暗褐色泥砂層,東京都八王子市下柚木3,35.62277778,139.3802778,2
2787,東京都,131987,多摩ニュータウン遺跡群,多摩ニュータウンNo.699遺跡,,Ⅲ層,東京都八王子市別所2,35.60916667,139.3927778,2
2795,東京都,131995,多摩ニュータウン遺跡群,多摩ニュータウンNo.740遺跡,第1地点,ⅤH層,東京都多摩市唐木田2,35.61333333,139.4091667,2
2800,東京都,132000,多摩ニュータウン遺跡群,多摩ニュータウンNo.753遺跡,,,東京都多摩市鶴牧2丁目,35.61388889,139.4194444,2
2801,東京都,132001,多摩ニュータウン遺跡群,多摩ニュータウンNo.753・754遺跡,,Ⅴ層上面,東京都多摩市鶴牧2,35.61805556,139.4163889,2
2804,東京都,132004,多摩ニュータウン遺跡群,多摩ニュータウンNo.769遺跡,,,東京都多摩市豊ヶ丘1,35.62666667,139.4308333,2
2806,東京都,132006,多摩ニュータウン遺跡群,多摩ニュータウンNo.769遺跡,,,東京都多摩市豊ヶ丘1,35.62666667,139.4308333,2
2812,東京都,132012,多摩ニュータウン遺跡群,多摩ニュータウンNo.782遺跡,,表土,東京都多摩市貝取1,35.62722222,139.4416667,2
2813,東京都,132013,多摩ニュータウン遺跡群,多摩ニュータウンNo.796遺跡,,再堆積土,東京都八王子市堀之内,35.62888889,139.3980556,2
2816,東京都,132016,多摩ニュータウン遺跡群,多摩ニュータウンNo.831遺跡,,Ⅰ層,東京都八王子市鑓水2,35.61472222,139.3619444,2
2817,東京都,132017,多摩ニュータウン遺跡群,多摩ニュータウンNo.836遺跡,,Ⅴ2層,東京都八王子市鑓水2,35.6125,139.3444444,2
2818,東京都,132018,多摩ニュータウン遺跡群,多摩ニュータウンNo.837遺跡,,,東京都八王子市鑓水2・町田市相原町,35.61055556,139.3452778,2
2820,東京都,132020,多摩ニュータウン遺跡群,多摩ニュータウンNo.842遺跡,,,東京都八王子市鑓水2,35.61055556,139.355,2
2821,東京都,132021,多摩ニュータウン遺跡群,多摩ニュータウンNo.860遺跡,,ローム層中（ソフトローム下部～ハードローム上部）,東京都多摩市馬引沢2,35.63361111,139.4527778,2
2822,東京都,132022,多摩ニュータウン遺跡群,多摩ニュータウンNo.860遺跡,,,東京都多摩市連光寺馬引沢1433他,35.63361111,139.4527778,2
2829,東京都,132029,多摩ニュータウン遺跡群,多摩ニュータウンNo.924遺跡,,,東京都町田市小山町,35.60333333,139.3777778,2
2830,東京都,132030,多摩ニュータウン遺跡群,多摩ニュータウンNo.938遺跡,,,東京都町田市小山町,35.60194444,139.3691667,2
2835,東京都,132035,多摩ニュータウン遺跡群,多摩ニュータウンNo.951・952遺跡,,Ⅰ層,東京都町田市小山町,35.60472222,139.3591667,2
2840,東京都,132040,多摩ニュータウン遺跡群,多摩ニュータウンNo.309遺跡,,,東京都八王子市鑓水2,35.61333333,139.3569444,2
2845,東京都,132045,多摩ニュータウン遺跡群,多摩ニュータウンNo.661遺跡,,,東京都八王子市別所1・2,35.61055556,139.39,2
2855,東京都,132055,裏宿遺跡群,,F区,,東京都八王子市元八王子2,35.66222222,139.2772222,2
2857,東京都,132057,小山田遺跡群,,No.12,,東京都町田市下小山田町,35.58916667,139.4072222,2
2859,東京都,132059,,武蔵岡遺跡,尾根地区,ハードローム上面,東京都町田市相原町,35.60833333,139.3033333,2
2860,東京都,132060,,武蔵岡遺跡,尾根地区,縄文包含層,東京都町田市相原町,35.60833333,139.3033333,2
2863,東京都,132063,小山田遺跡群,,No.10,,東京都町田市小山田桜台1・2,35.58944444,139.4016667,2
2864,東京都,132064,小山田遺跡群,,No.28,縄文包含層,東京都町田市小山田桜台1,35.58638889,139.4041667,2
2865,東京都,132065,小山田遺跡群,,No.15,縄文包含層,東京都町田市小山田桜台1,35.58888889,139.4041667,2
2867,東京都,132067,,No.76遺跡,,,東京都西多摩郡瑞穂町箱根ヶ崎,35.78111111,139.3427778,2
2869,東京都,132069,,中久保遺跡,,,東京都武蔵村山市本町1,35.75361111,139.3833333,2
2871,神奈川県,140001,,西原遺跡,,,横浜市緑区長津田字馬の背･西原,35.515,139.4808333,2
2872,神奈川県,140002,,西原遺跡,,相模野第Ⅴ期,横浜市緑区長津田字西原,35.50777778,139.4816667,2
2881,神奈川県,140012,,百崩遺跡,,,横浜市港北区牛久保1412･1685,35.56416667,139.5716667,2
2883,神奈川県,140014,,能見堂遺跡,,,横浜市緑区佐江戸町876他,35.51555556,139.5547222,2
2886,神奈川県,140017,,向原遺跡,,L1S上面,横浜市緑区東方町1746～1750他,35.53472222,139.5777778,2
2889,神奈川県,140021,霧ヶ丘遺跡群,霧ヶ丘遺跡,第１地区,,横浜市緑区十日市場町霧ケ丘,35.52305556,139.4972222,2
2899,神奈川県,140031,,七ッ塚遺跡,,,横浜市港北区新吉田5980～5986他,35.54083333,139.5983333,2
2929,神奈川県,140062,,本郷（相模野No.122）遺跡,,ローム層,横浜市瀬谷区本郷,35.47888889,139.4797222,2
2932,神奈川県,140065,,稲ヶ原遺跡,Ａ地点,,横浜市緑区さつきが丘８－３他,35.52222222,139.5188889,2
2936,神奈川県,140069,,西谷戸の上遺跡,,,横浜市港北区新吉田町,35.54527778,139.6036111,2
2941,神奈川県,140074,,五力田遺跡,第１地区,,川崎市麻生区五力田300他,35.60833333,139.485,2
2945,神奈川県,140078,,長尾台北遺跡,,,川崎市多摩区長尾６-1136他,35.60861111,139.5802778,2
2947,神奈川県,140080,,菅生遺跡,,,川崎市宮前区菅生２-10-１付近,35.59833333,139.5525,2
2952,神奈川県,140087,,十三菩提遺跡,,,川崎市宮前区野川2270他,35.57222222,139.6088889,2
2957,神奈川県,140092,,子母口貝塚,Ａ貝塚,,川崎市高津区子母口240,35.57138889,139.6283333,2
2958,神奈川県,140093,,子母口貝塚,,,川崎市高津区子母口240付近,35.57138889,139.6283333,2
2961,神奈川県,140096,,末長中原遺跡,,,川崎市高津区末長874付近,35.58861111,139.6130556,2
2962,神奈川県,140097,,栗谷遺跡,,ソフトローム最上部,川崎市多摩区生田字栗谷,35.6125,139.5386111,2
2966,神奈川県,140101,黒川地区遺跡群,黒川地区遺跡群No.11遺跡,,,川崎市麻生区黒川字柳之町1259他,35.61611111,139.4602778,2
2967,神奈川県,140102,黒川地区遺跡群,黒川地区遺跡群No.15遺跡,,黒色土上層/ローム層直上,川崎市麻生区黒川字谷ツ989-1他,35.61972222,139.4613889,2
2971,神奈川県,140106,黒川地区遺跡群,宮添遺跡,,,川崎市麻生区黒川113-４他,35.61666667,139.4688889,2
2981,神奈川県,140117,,金程向原遺跡,第Ⅲ地点,,川崎市麻生区金程字西平194他,35.61055556,139.4983333,2
2982,神奈川県,140118,,三荷座前遺跡,第１地点,,川崎市宮前区野川字北耕地362,35.58,139.6166667,2
2983,神奈川県,140119,,井田中原遺跡,Ｂ地点,漸移～L1S,川崎市中原区井田1485-１他,35.58083333,139.5641667,2
2999,神奈川県,140135,佐島の丘遺跡群,一本松遺跡,南A地区,縄文,横須賀市佐島,35.22861111,139.6113889,2
3008,神奈川県,140144,,向原遺跡,,L1H,平塚市上吉沢1714,35.34444444,139.2797222,2
3010,神奈川県,140146,,王子ノ台遺跡,,,平塚市北金目1112番地外,35.36638889,139.2772222,2
3011,神奈川県,140147,真田・北金目遺跡群,,1区,,平塚市北金目1422・1423-イ番外,35.3625,139.2852778,2
3022,神奈川県,140158,,小宮阿弥陀畑遺跡,,,平塚市根坂間字小宮,35.33694444,139.3,2
3023,神奈川県,140159,,権現堂遺跡,第２地点,L1Su,平塚市岡崎字権現堂,35.38361111,139.3016667,2
3067,神奈川県,140203,,今田遺跡,,Ⅰ,藤沢市今田688ｰ1番地,35.39583333,139.4725,2
3087,神奈川県,140223,用田バイパス関連遺跡群,用田南原遺跡,,Ⅱ,藤沢市用田541番地他,35.40777778,139.4166667,2
3098,神奈川県,140234,用田バイパス関連遺跡群,葛原滝谷遺跡,,Ⅲ,藤沢市葛原1715番地他,35.40416667,139.4247222,2
3110,神奈川県,140246,,藤沢市No.419遺跡,第２地点,Ⅰ,藤沢市湘南台7-9-9番地他,35.39805556,139.4755556,2
3115,神奈川県,140251,,菖蒲沢大谷遺跡,,Ⅰ,藤沢市菖蒲沢字大谷1232番地他,35.39833333,139.4452778,2
3131,神奈川県,140267,藤沢市北部第二（三地区）土地区画整理事業区域内遺跡群,葛原東山田地区遺跡,第４地点,Ⅰ,藤沢市下土棚字諏訪ノ棚2004-2番地,35.405,139.4408333,2
3150,神奈川県,140286,,立野遺跡,ｂ地点,L1S,小田原市荻窪字立野,35.25777778,139.1391667,2
3151,神奈川県,140287,,天神山台遺跡,,,小田原市城山4-861-8･863-16,35.24916667,139.1502778,2
3155,神奈川県,140291,,堤・杉山原遺跡,,,茅ヶ崎市堤字南谷2595-1番地,35.36361111,139.4180556,2
3157,神奈川県,140293,,橋本遺跡,,Ⅰ,相模原市元橋本町及び橋本7丁目,35.60444444,139.3372222,2
3170,神奈川県,140306,,下九沢山谷遺跡,,Ⅴ,相模原市字下九沢山谷,35.57611111,139.3355556,2
3171,神奈川県,140307,,長久保遺跡,,B0,相模原市横山6丁目,35.55972222,139.3652778,2
3175,神奈川県,140311,,上溝乙二号第3地点遺跡,,L1H,相模原市上溝字乙二号3159番1外,35.55527778,139.3658333,2
3177,神奈川県,140313,,田名稲荷山遺跡,A地区,Ⅰ,相模原市田名字稲荷山6783－１外,35.54916667,139.3455556,2
3180,神奈川県,140316,,田名稲荷山遺跡,B地区,Ⅰ,相模原市田名字稲荷山6783－１外,35.54916667,139.3455556,2
3181,神奈川県,140317,,田名稲荷山遺跡,B地区,Ⅱ,相模原市田名字稲荷山6783－１外,35.54916667,139.3455556,2
3194,神奈川県,140330,,中村遺跡,C地区,Ⅰ,相模原市上鶴間1884-1,35.53694444,139.4461111,2
3200,神奈川県,140336,,中村遺跡,C地区,Ⅵ,相模原市上鶴間1884-1,35.53694444,139.4461111,2
3201,神奈川県,140337,,相模原市No.203遺跡,,,相模原市相模大野7-3720-2,35.53138889,139.4402778,2
3210,神奈川県,140346,,横山坂遺跡,,L1H,相模原市陽光台1丁目21,35.55277778,139.3705556,2
3213,神奈川県,140349,,相模原市No.34遺跡,,表,相模原市上溝久保,35.54277778,139.4863889,2
3215,神奈川県,140351,,相模野No.13遺跡,,L1H～B1U,相模原市上溝丸崎,35.55277778,139.3705556,2
3222,神奈川県,140358,,相模野No.34遺跡,,B2UU,相模原市上溝久保,35.56055556,139.3577778,2
3231,神奈川県,140367,,相模野No.9遺跡,,B2上面,相模原市磯辺山谷,35.55527778,139.3555556,2
3244,神奈川県,140380,,鵜野森柏木北遺跡,A区,B0～B1,相模原市鵜野森１丁目600番1外,35.54583333,139.4313889,2
3247,神奈川県,140383,,上溝4丁目彼岸沢第3地点遺跡,,L1H下,相模原市上溝4丁目3341-1,35.5575,139.3583333,2
3253,神奈川県,140389,,田名塩田・西山遺跡,,L1S,相模原市田名字塩田及び西山地内40街区（8871番1外）,35.53388889,139.3522222,2
3257,神奈川県,140393,,下原遺跡,B地区,B0下,相模原市下溝字開戸834番地外,35.54194444,139.3358333,2
3266,神奈川県,140402,,小保戸遺跡,,Ⅰ,相模原市小倉地先,35.58083333,139.2927778,2
3283,神奈川県,140420,今泉遺跡群,今泉峰遺跡,Ａ地区,,秦野市今泉877番他,35.365,139.2219444,2
3292,神奈川県,140429,,山ノ台威勢遺跡,,,秦野市渋沢字山ノ台,35.36916667,139.1766667,2
3293,神奈川県,140430,,波多野城址,,,秦野市寺山,35.39611111,139.2336111,2
3294,神奈川県,140431,,平沢遺跡,,,秦野市平沢,35.36916667,139.2116667,2
3295,神奈川県,140432,,小南（No.28）遺跡,,L1S,秦野市南矢名字小南上2155-1他,35.37027778,139.2622222,2
3307,神奈川県,140444,,上依知上谷戸遺跡,,,厚木市上依知地先,35.51555556,139.3597222,2
3308,神奈川県,140445,,恩名萱山遺跡,,,厚木市恩名字萱山,35.44333333,139.3522222,2
3310,神奈川県,140447,,七沢足ヶ久保遺跡,,断面,厚木市七沢2550附近,35.45527778,139.2880556,2
3313,神奈川県,140450,,上古沢山田遺跡,,表採,厚木市上古沢山田,35.46138889,139.3047222,2
3327,神奈川県,140464,,相模野No.140遺跡,,,大和市つきみ野3-14他,35.50555556,139.4566667,2
3357,神奈川県,140494,月見野遺跡群,月見野第Ⅲ遺跡,Ｂ地点,上層L1H,大和市つきみ野6-6他,35.51416667,139.4533333,2
3386,神奈川県,140523,月見野遺跡群,月見野上野遺跡,第５地点,Ⅰ,大和市つきみ野1-4-5、6（新キャタピラー三菱社宅ルグランつきみ野）,35.505,139.4572222,2
3452,神奈川県,140589,,大和市No.202遺跡,,Ⅰ,大和市つきみ野6-5-28～31,35.51444444,139.4533333,2
3453,神奈川県,140590,,大和市No.202遺跡,,Ⅱ,大和市つきみ野6-5-28～31,35.51444444,139.4533333,2
3460,神奈川県,140597,,大和市No.218遺跡,,,大和市つきみ野3-16,35.50611111,139.4572222,2
3507,神奈川県,140644,,県営高座渋谷団地内遺跡,,Ⅲ,大和市柳橋3-14-2外,35.45361111,139.4627778,2
3514,神奈川県,140651,,下鶴間甲一号遺跡,Ⅲ地区,Ⅱ,大和市甲一号100-1・37-1他,35.51694444,139.4619444,2
3524,神奈川県,140661,,下鶴間城山遺跡,,,大和市下鶴間甲四号727-2外,35.51,139.4622222,2
3525,神奈川県,140662,,神明若宮地区内遺跡,Ａ地区,Ⅰ,大和市福田510番地外,35.43388889,139.4555556,2
3532,神奈川県,140669,,神明若宮地区内遺跡,Ｃ地区,Ⅰ,大和市福田510番地外,35.43277778,139.4569444,2
3541,神奈川県,140678,,台山遺跡,,Ⅰ,大和市下鶴間2047-9他（コトーつきみ野）,35.50361111,139.4630556,2
3551,神奈川県,140688,,長堀南遺跡,,Ⅰ,大和市下鶴間2698（北部浄化センター）,35.49388889,139.4677778,2
3552,神奈川県,140689,,長堀南遺跡,,Ⅱ,大和市下鶴間2698（北部浄化センター）,35.49388889,139.4677778,2
3558,神奈川県,140695,,深見神社南遺跡,,Ⅰ,大和市深見台1-1168-3･4（大和市コミセン深見南会館）,35.46527778,139.4694444,2
3581,神奈川県,140718,,上粕屋・川上（No.5）遺跡,,,伊勢原市上粕屋,35.41111111,139.3097222,2
3587,神奈川県,140724,,上粕屋・上尾崎（No.10）遺跡,,Ⅲ,伊勢原市上粕屋字上尾崎654他,35.40833333,139.2991667,2
3590,神奈川県,140727,,神戸・上宿（No.15）遺跡,,L1H,伊勢原市神戸字両毛703-5他,35.39444444,139.2897222,2
3604,神奈川県,140741,,下糟屋・粟窪遺跡,,表採,伊勢原市下糟屋字粟窪地内,35.4075,139.3175,2
3607,神奈川県,140744,,伊勢原市No.40遺跡,,表採,伊勢原市白根,35.40388889,139.2944444,2
3618,神奈川県,140755,比々多遺跡群,善波・上坂東遺跡,,,伊勢原市善波字上板東地内,35.38666667,139.2755556,2
3619,神奈川県,140756,比々多第二地区遺跡群,,１８トレンチ,,伊勢原市坪ノ内字榎戸41,35.39361111,139.2852778,2
3621,神奈川県,140758,池端地区遺跡群,,,漸移層,伊勢原市池端434番外,35.39472222,139.3233333,2
3626,神奈川県,140763,,海老名本郷遺跡,GIN-Ⅱ地区,,海老名市本郷2274　富士ゼロックス海老名事業所内,35.40277778,139.3997222,2
3638,神奈川県,140775,,柏ヶ谷長ヲサ遺跡,,Ⅱ,海老名市柏ヶ谷710付近一帯,35.46777778,139.4119444,2
3639,神奈川県,140776,,柏ヶ谷長ヲサ遺跡,,Ⅲ,海老名市柏ヶ谷710付近一帯,35.46777778,139.4119444,2
3661,神奈川県,140799,,杉久保東谷遺跡,,FB,海老名市杉久保北3-27-1　杉久保配水池,35.42833333,139.4091667,2
3667,神奈川県,140805,,相模国分寺寺域遺跡,,,海老名市国分南1-19付近,35.45416667,139.3977778,2
3668,神奈川県,140806,,栗原中丸遺跡,,Ⅰ,座間市栗原2487　県立座間総合高校,35.48805556,139.4175,2
3671,神奈川県,140809,,栗原中丸遺跡,,Ⅳ,座間市栗原2487　県立座間総合高校,35.48805556,139.4175,2
3683,神奈川県,140821,,座間市栗原中丸遺跡,,L1S,座間市栗原912　座間厚生病院前市道,35.48972222,139.4188889,2
3701,神奈川県,140840,,福泉貝塚,,,南足柄市福泉字貝沢347,35.32611111,139.0975,2
3731,神奈川県,140870,,早川天神森遺跡,,Ⅱ,綾瀬市早川字天神森655-5他,35.43638889,139.4211111,2
3732,神奈川県,140871,,早川天神森遺跡,,Ⅱ,綾瀬市早川字天神森655-5他,35.43638889,139.4211111,2
3758,神奈川県,140897,吉岡遺跡群,,Ｃ区,B1U,綾瀬市吉岡字蟹ヶ谷857他,35.42333333,139.4197222,2
3778,神奈川県,140917,吉岡遺跡群,,Ｂ区（２次）,Ⅰ,綾瀬市吉岡８８７番地他,35.42166667,139.4186111,2
3780,神奈川県,140919,吉岡遺跡群,,Ｂ区（２次）,Ⅲ,綾瀬市吉岡８８９番地他,35.42083333,139.4188889,2
3796,神奈川県,140935,,市兵衛谷遺跡,,,綾瀬市早川字市兵衛谷3008外,35.44722222,139.4116667,2
3809,神奈川県,140948,,与蔵山下遺跡,,Ⅱ,綾瀬市深谷字与蔵山下6456外,35.44083333,139.4438889,2
3813,神奈川県,140952,,上土棚笹山遺跡,,Ⅰ,綾瀬市上土棚中,35.41527778,139.4527778,2
3817,神奈川県,140956,,平遺跡,,,大磯町黒岩地区,35.32555556,139.2608333,2
3820,神奈川県,140959,,中井町No.４１遺跡,,,足柄上郡中井町比奈窪字金地ヶ入406、409番地,35.33472222,139.2177778,2
3826,神奈川県,140965,宮ヶ瀬遺跡群,サザランケ（No.12）遺跡,,Ⅲ,愛甲郡清川字宮ケ瀬字大和台880他,35.53027778,139.2277778,2
3827,神奈川県,140966,宮ヶ瀬遺跡群,サザランケ（No.12）遺跡,,Ⅳ,愛甲郡清川字宮ケ瀬字大和台880他,35.53027778,139.2277778,2
3834,神奈川県,140973,宮ヶ瀬遺跡群,上原（No.13）遺跡,,Ⅳ,愛甲郡清川村宮ケ瀬字大和台900他,35.53055556,139.2266667,2
3843,神奈川県,140982,宮ヶ瀬遺跡群,馬場（No.5）遺跡,,Ⅰ,愛甲郡清川村大字宮ケ瀬字馬場1330他,35.51888889,139.2369444,2
3844,神奈川県,140983,宮ヶ瀬遺跡群,南（No.2）遺跡,,Ⅰ,愛甲郡清川村大字宮ケ瀬字馬場1500他,35.5175,139.235,2
